date,EURUSD,GBPUSD,NZDUSD,CADUSD,AUDUSD
2021-07-19 00:00:00,1.18021,1.37504,0.69812,0.79146,0.73784
2021-07-19 01:00:00,1.18019,1.37538,0.69838,0.7916,0.73798
2021-07-19 02:00:00,1.18035,1.37486,0.69776,0.79108,0.73768
2021-07-19 03:00:00,1.18046,1.37564,0.69918,0.79121,0.7387
2021-07-19 04:00:00,1.18064,1.37554,0.69918,0.79106,0.73854
2021-07-19 05:00:00,1.18025,1.37536,0.69922,0.7908,0.73809
2021-07-19 06:00:00,1.17973,1.37474,0.69908,0.78992,0.73793
2021-07-19 07:00:00,1.1781,1.37227,0.69772,0.78761,0.73674
2021-07-19 08:00:00,1.17731,1.3712,0.69669,0.78537,0.73572
2021-07-19 09:00:00,1.17793,1.37433,0.69718,0.78399,0.73659
2021-07-19 10:00:00,1.17763,1.37068,0.69502,0.78223,0.73534
2021-07-19 11:00:00,1.17714,1.37156,0.69429,0.7828,0.73455
2021-07-19 12:00:00,1.1787,1.37036,0.69424,0.78455,0.73482
2021-07-19 13:00:00,1.1821,1.3716,0.69488,0.78433,0.73478
2021-07-19 14:00:00,1.18056,1.36715,0.69338,0.78268,0.73338
2021-07-19 15:00:00,1.18057,1.369,0.69449,0.78414,0.73436
2021-07-19 16:00:00,1.17992,1.36702,0.69344,0.78296,0.73309
2021-07-19 17:00:00,1.17947,1.36682,0.69324,0.7837,0.73276
2021-07-19 18:00:00,1.17916,1.3659,0.69286,0.78379,0.73284
2021-07-19 19:00:00,1.17976,1.36687,0.69321,0.7845,0.7337
2021-07-19 20:00:00,1.17988,1.36736,0.69432,0.78446,0.73454
2021-07-19 21:00:00,1.17974,1.36754,0.69448,0.78433,0.7345
2021-07-19 22:00:00,1.17941,1.36694,0.69331,0.78417,0.7338
2021-07-19 23:00:00,1.17919,1.36688,0.69284,0.7843,0.73372
2021-07-20 00:00:00,1.1795,1.36692,0.69276,0.78461,0.73389
2021-07-20 01:00:00,1.17975,1.368,0.694,0.78509,0.73458
2021-07-20 02:00:00,1.17947,1.36788,0.69376,0.78477,0.734
2021-07-20 03:00:00,1.17934,1.3671,0.69271,0.78406,0.7324
2021-07-20 04:00:00,1.17888,1.36708,0.69036,0.7838,0.73241
2021-07-20 05:00:00,1.17845,1.36634,0.69036,0.78307,0.7323
2021-07-20 06:00:00,1.17785,1.36317,0.68972,0.78279,0.73182
2021-07-20 07:00:00,1.17838,1.36376,0.68989,0.78251,0.73156
2021-07-20 08:00:00,1.17877,1.36652,0.6912,0.78413,0.7327
2021-07-20 09:00:00,1.18,1.36494,0.69059,0.78428,0.7325
2021-07-20 10:00:00,1.17821,1.36192,0.69019,0.78362,0.73194
2021-07-20 11:00:00,1.1788,1.36238,0.69141,0.78433,0.73304
2021-07-20 12:00:00,1.17726,1.35939,0.68996,0.78293,0.73182
2021-07-20 13:00:00,1.17667,1.36138,0.69069,0.78386,0.73259
2021-07-20 14:00:00,1.17644,1.36104,0.69026,0.78484,0.73191
2021-07-20 15:00:00,1.17746,1.36138,0.69125,0.78589,0.7325
2021-07-20 16:00:00,1.17776,1.36294,0.69178,0.78678,0.73288
2021-07-20 17:00:00,1.17789,1.36166,0.6914,0.78632,0.73252
2021-07-20 18:00:00,1.1782,1.36253,0.69222,0.78767,0.733
2021-07-20 19:00:00,1.17824,1.363,0.69185,0.78879,0.73308
2021-07-20 20:00:00,1.17808,1.36278,0.69167,0.78861,0.73296
2021-07-20 21:00:00,1.17813,1.36294,0.69185,0.78878,0.73302
2021-07-20 22:00:00,1.17827,1.36292,0.69166,0.78868,0.73326
2021-07-20 23:00:00,1.17812,1.36346,0.69226,0.78891,0.73388
2021-07-21 00:00:00,1.17798,1.36348,0.69314,0.78844,0.73354
2021-07-21 01:00:00,1.17756,1.36225,0.69198,0.78785,0.73206
2021-07-21 02:00:00,1.17725,1.36108,0.69079,0.7866,0.7304
2021-07-21 03:00:00,1.1775,1.3619,0.69128,0.7873,0.73134
2021-07-21 04:00:00,1.17724,1.36146,0.69111,0.78698,0.73056
2021-07-21 05:00:00,1.17671,1.36048,0.6901,0.78639,0.72978
2021-07-21 06:00:00,1.17634,1.36159,0.6906,0.78634,0.73004
2021-07-21 07:00:00,1.17614,1.36092,0.691,0.78737,0.73042
2021-07-21 08:00:00,1.17795,1.36284,0.69264,0.78898,0.73196
2021-07-21 09:00:00,1.17735,1.36358,0.69243,0.78835,0.73136
2021-07-21 10:00:00,1.1772,1.36068,0.69222,0.78844,0.73154
2021-07-21 11:00:00,1.17706,1.36212,0.69216,0.78744,0.73148
2021-07-21 12:00:00,1.17662,1.36362,0.69262,0.78955,0.73196
2021-07-21 13:00:00,1.17872,1.36779,0.69456,0.79152,0.73367
2021-07-21 14:00:00,1.17898,1.36744,0.69521,0.79462,0.73417
2021-07-21 15:00:00,1.17984,1.3694,0.69686,0.7974,0.73556
2021-07-21 16:00:00,1.17932,1.36984,0.69624,0.79626,0.73504
2021-07-21 17:00:00,1.17959,1.37116,0.69693,0.79639,0.73561
2021-07-21 18:00:00,1.18002,1.3716,0.6971,0.79618,0.73571
2021-07-21 19:00:00,1.18004,1.3719,0.6973,0.79589,0.73598
2021-07-21 20:00:00,1.1795,1.37158,0.69704,0.79606,0.73576
2021-07-21 21:00:00,1.17965,1.37148,0.69662,0.79589,0.7359
2021-07-21 22:00:00,1.17931,1.37152,0.69665,0.7958,0.73572
2021-07-21 23:00:00,1.17924,1.37122,0.69592,0.79545,0.73516
2021-07-22 00:00:00,1.17884,1.36988,0.6955,0.79477,0.73455
2021-07-22 01:00:00,1.17963,1.37086,0.69582,0.7951,0.73502
2021-07-22 02:00:00,1.17902,1.37002,0.69499,0.79491,0.73498
2021-07-22 03:00:00,1.1796,1.37092,0.69548,0.79513,0.73574
2021-07-22 04:00:00,1.1797,1.37162,0.69604,0.79473,0.73605
2021-07-22 05:00:00,1.1793,1.37162,0.69525,0.79456,0.73561
2021-07-22 06:00:00,1.17946,1.37366,0.69599,0.79522,0.73682
2021-07-22 07:00:00,1.17938,1.37407,0.69602,0.79547,0.73686
2021-07-22 08:00:00,1.17966,1.3732,0.69614,0.79556,0.73744
2021-07-22 09:00:00,1.17943,1.37498,0.6966,0.79622,0.73823
2021-07-22 10:00:00,1.17917,1.37598,0.69678,0.79688,0.73816
2021-07-22 11:00:00,1.1794,1.37734,0.69718,0.79736,0.73838
2021-07-22 12:00:00,1.17999,1.37688,0.69708,0.79638,0.7383
2021-07-22 13:00:00,1.1816,1.37667,0.69604,0.79492,0.73746
2021-07-22 14:00:00,1.17911,1.37558,0.69679,0.79539,0.7381
2021-07-22 15:00:00,1.17672,1.37468,0.69562,0.79495,0.73635
2021-07-22 16:00:00,1.17633,1.37663,0.69647,0.7958,0.73724
2021-07-22 17:00:00,1.1763,1.377,0.6969,0.79577,0.73752
2021-07-22 18:00:00,1.17716,1.37742,0.69818,0.79637,0.73878
2021-07-22 19:00:00,1.17702,1.37672,0.69766,0.79581,0.73838
2021-07-22 20:00:00,1.17712,1.37676,0.69745,0.79618,0.73818
2021-07-22 21:00:00,1.17707,1.37633,0.69734,0.79606,0.73748
2021-07-22 22:00:00,1.17728,1.37693,0.69753,0.79597,0.73821
2021-07-22 23:00:00,1.17722,1.37729,0.698,0.79591,0.73803
2021-07-23 00:00:00,1.17779,1.37736,0.69848,0.79624,0.7385
2021-07-23 01:00:00,1.1775,1.37662,0.69768,0.79568,0.73838
2021-07-23 02:00:00,1.17745,1.3764,0.69826,0.79555,0.73818
2021-07-23 03:00:00,1.17698,1.37612,0.69764,0.79549,0.7376
2021-07-23 04:00:00,1.17679,1.37579,0.69716,0.7954,0.73702
2021-07-23 05:00:00,1.17646,1.3761,0.69707,0.79525,0.73653
2021-07-23 06:00:00,1.17716,1.37486,0.69777,0.79536,0.73689
2021-07-23 07:00:00,1.17775,1.37434,0.69726,0.7954,0.73684
2021-07-23 08:00:00,1.17747,1.37316,0.6977,0.79578,0.73706
2021-07-23 09:00:00,1.1769,1.37356,0.69778,0.79569,0.73737
2021-07-23 10:00:00,1.17636,1.37362,0.6981,0.79602,0.73764
2021-07-23 11:00:00,1.17615,1.37354,0.69806,0.79572,0.73746
2021-07-23 12:00:00,1.17796,1.37672,0.69889,0.79578,0.73849
2021-07-23 13:00:00,1.17648,1.3751,0.69779,0.79428,0.73725
2021-07-23 14:00:00,1.17622,1.37506,0.69734,0.79438,0.736
2021-07-23 15:00:00,1.176,1.37497,0.69738,0.79476,0.73632
2021-07-23 16:00:00,1.17685,1.37588,0.69826,0.79535,0.73694
2021-07-23 17:00:00,1.17703,1.376,0.69782,0.79532,0.73692
2021-07-23 18:00:00,1.17712,1.37536,0.69801,0.7952,0.73643
2021-07-23 19:00:00,1.17721,1.37496,0.69832,0.79557,0.73672
2021-07-23 20:00:00,1.17716,1.37447,0.69766,0.79592,0.73668
2021-07-23 21:00:00,1.17722,1.37556,0.69728,0.79606,0.73648
2021-07-25 22:00:00,1.17741,1.37596,0.698,0.7956,0.73662
2021-07-25 23:00:00,1.1773,1.37572,0.69827,0.79564,0.73676
2021-07-26 00:00:00,1.17662,1.37474,0.69672,0.79497,0.73543
2021-07-26 01:00:00,1.1771,1.37508,0.69701,0.79486,0.73528
2021-07-26 02:00:00,1.1772,1.37464,0.69649,0.79458,0.73508
2021-07-26 03:00:00,1.17786,1.37481,0.69638,0.79488,0.73488
2021-07-26 04:00:00,1.17786,1.37542,0.69676,0.79524,0.73495
2021-07-26 05:00:00,1.17834,1.376,0.69678,0.7949,0.73516
2021-07-26 06:00:00,1.17721,1.3749,0.69574,0.79436,0.73408
2021-07-26 07:00:00,1.17834,1.37573,0.69621,0.79532,0.73446
2021-07-26 08:00:00,1.17842,1.37681,0.69641,0.79586,0.7346
2021-07-26 09:00:00,1.1797,1.37931,0.6976,0.79679,0.73596
2021-07-26 10:00:00,1.17919,1.37848,0.6972,0.79604,0.73538
2021-07-26 11:00:00,1.17928,1.37947,0.69791,0.79634,0.73625
2021-07-26 12:00:00,1.17832,1.3779,0.69687,0.79512,0.7353
2021-07-26 13:00:00,1.1806,1.38152,0.69941,0.79679,0.73783
2021-07-26 14:00:00,1.18078,1.38242,0.70064,0.79764,0.7389
2021-07-26 15:00:00,1.181,1.38294,0.70028,0.79743,0.73858
2021-07-26 16:00:00,1.18124,1.38277,0.69998,0.79735,0.7381
2021-07-26 17:00:00,1.18106,1.38217,0.69992,0.79685,0.73811
2021-07-26 18:00:00,1.17999,1.38139,0.69943,0.79693,0.73783
2021-07-26 19:00:00,1.18052,1.38224,0.6998,0.79734,0.7385
2021-07-26 20:00:00,1.1803,1.38185,0.69997,0.79713,0.73794
2021-07-26 21:00:00,1.18022,1.38238,0.69996,0.79706,0.73816
2021-07-26 22:00:00,1.18006,1.38202,0.69978,0.79716,0.73815
2021-07-26 23:00:00,1.1805,1.38263,0.70006,0.79724,0.7384
2021-07-27 00:00:00,1.18084,1.38248,0.70007,0.79734,0.73824
2021-07-27 01:00:00,1.18033,1.38233,0.69944,0.79711,0.73804
2021-07-27 02:00:00,1.1806,1.38232,0.69906,0.79724,0.7381
2021-07-27 03:00:00,1.18055,1.38282,0.69953,0.79713,0.73814
2021-07-27 04:00:00,1.18023,1.38283,0.69926,0.79696,0.73778
2021-07-27 05:00:00,1.1801,1.38242,0.69906,0.79659,0.73733
2021-07-27 06:00:00,1.1788,1.38133,0.69816,0.7961,0.73654
2021-07-27 07:00:00,1.17832,1.37938,0.69598,0.79501,0.73494
2021-07-27 08:00:00,1.1778,1.37794,0.69528,0.79443,0.73498
2021-07-27 09:00:00,1.1782,1.37789,0.69577,0.79521,0.73564
2021-07-27 10:00:00,1.17889,1.37926,0.69578,0.79521,0.7357
2021-07-27 11:00:00,1.17987,1.38021,0.69642,0.79547,0.73654
2021-07-27 12:00:00,1.18185,1.38238,0.69729,0.79648,0.73764
2021-07-27 13:00:00,1.18128,1.38148,0.69524,0.79468,0.73564
2021-07-27 14:00:00,1.18252,1.38806,0.6964,0.79576,0.73798
2021-07-27 15:00:00,1.18304,1.3884,0.69633,0.79484,0.73674
2021-07-27 16:00:00,1.18362,1.3885,0.69574,0.79498,0.73624
2021-07-27 17:00:00,1.18341,1.38898,0.69582,0.79452,0.73618
2021-07-27 18:00:00,1.1823,1.38869,0.6958,0.79412,0.73607
2021-07-27 19:00:00,1.18216,1.38854,0.69614,0.79403,0.73652
2021-07-27 20:00:00,1.1816,1.38781,0.69579,0.79346,0.73594
2021-07-27 21:00:00,1.1818,1.38835,0.69599,0.79355,0.73588
2021-07-27 22:00:00,1.18169,1.38798,0.69626,0.79373,0.73644
2021-07-27 23:00:00,1.18205,1.38822,0.69626,0.79421,0.73658
2021-07-28 00:00:00,1.18141,1.38768,0.69536,0.794,0.73635
2021-07-28 01:00:00,1.18222,1.38838,0.69633,0.79445,0.73639
2021-07-28 02:00:00,1.1825,1.38849,0.696,0.79481,0.73668
2021-07-28 03:00:00,1.18216,1.3875,0.69575,0.79442,0.73595
2021-07-28 04:00:00,1.18196,1.3871,0.69572,0.7945,0.7358
2021-07-28 05:00:00,1.18178,1.38748,0.69645,0.7948,0.73621
2021-07-28 06:00:00,1.18038,1.38726,0.69542,0.79458,0.7354
2021-07-28 07:00:00,1.18072,1.3873,0.69496,0.79474,0.7348
2021-07-28 08:00:00,1.18298,1.38946,0.69507,0.79563,0.73553
2021-07-28 09:00:00,1.18153,1.38748,0.69446,0.79585,0.73446
2021-07-28 10:00:00,1.18043,1.38814,0.69395,0.79516,0.73426
2021-07-28 11:00:00,1.18101,1.38798,0.69416,0.79592,0.7343
2021-07-28 12:00:00,1.17988,1.38686,0.69321,0.7944,0.73326
2021-07-28 13:00:00,1.17866,1.38496,0.69231,0.79399,0.73288
2021-07-28 14:00:00,1.17998,1.38698,0.69226,0.79494,0.73376
2021-07-28 15:00:00,1.18095,1.38836,0.69324,0.79595,0.73478
2021-07-28 16:00:00,1.18146,1.38848,0.69353,0.79625,0.73472
2021-07-28 17:00:00,1.18142,1.38782,0.69309,0.79582,0.73448
2021-07-28 18:00:00,1.18379,1.39044,0.69472,0.798,0.73658
2021-07-28 19:00:00,1.18476,1.39082,0.69564,0.79802,0.73729
2021-07-28 20:00:00,1.18429,1.39042,0.69565,0.79858,0.73744
2021-07-28 21:00:00,1.18437,1.39064,0.69595,0.79836,0.73756
2021-07-28 22:00:00,1.18449,1.39078,0.69601,0.7985,0.73757
2021-07-28 23:00:00,1.18457,1.3906,0.69597,0.79869,0.7377
2021-07-29 00:00:00,1.18436,1.39046,0.69586,0.79843,0.73729
2021-07-29 01:00:00,1.18495,1.3914,0.69521,0.79878,0.73644
2021-07-29 02:00:00,1.18546,1.39238,0.69624,0.79955,0.73736
2021-07-29 03:00:00,1.18545,1.39272,0.69648,0.8005,0.73765
2021-07-29 04:00:00,1.18564,1.3929,0.69689,0.80075,0.73793
2021-07-29 05:00:00,1.18556,1.3934,0.6973,0.80065,0.7383
2021-07-29 06:00:00,1.18523,1.39288,0.69722,0.80076,0.73819
2021-07-29 07:00:00,1.18685,1.39384,0.69833,0.80211,0.7393
2021-07-29 08:00:00,1.1877,1.3959,0.6994,0.8023,0.74023
2021-07-29 09:00:00,1.18745,1.3951,0.6995,0.80198,0.74016
2021-07-29 10:00:00,1.18751,1.39588,0.6988,0.80184,0.73904
2021-07-29 11:00:00,1.18712,1.39632,0.69912,0.80201,0.73921
2021-07-29 12:00:00,1.18843,1.39546,0.69912,0.80236,0.73902
2021-07-29 13:00:00,1.18854,1.39784,0.69966,0.80171,0.73888
2021-07-29 14:00:00,1.18865,1.39772,0.70111,0.80349,0.74021
2021-07-29 15:00:00,1.18859,1.39658,0.70142,0.80386,0.74001
2021-07-29 16:00:00,1.18848,1.39646,0.70082,0.8036,0.73959
2021-07-29 17:00:00,1.18871,1.3968,0.70144,0.80394,0.73993
2021-07-29 18:00:00,1.18913,1.39709,0.70133,0.80406,0.74012
2021-07-29 19:00:00,1.1888,1.39638,0.70112,0.80332,0.73983
2021-07-29 20:00:00,1.1887,1.39595,0.70118,0.80346,0.73976
2021-07-29 21:00:00,1.18884,1.3962,0.70103,0.80354,0.73962
2021-07-29 22:00:00,1.18908,1.3969,0.70164,0.8038,0.74011
2021-07-29 23:00:00,1.18904,1.3964,0.70102,0.80324,0.73958
2021-07-30 00:00:00,1.18815,1.39488,0.70014,0.80241,0.73883
2021-07-30 01:00:00,1.18824,1.39514,0.69998,0.80222,0.73889
2021-07-30 02:00:00,1.18808,1.3955,0.70064,0.80329,0.73952
2021-07-30 03:00:00,1.18785,1.39431,0.69992,0.80319,0.73878
2021-07-30 04:00:00,1.18785,1.39486,0.70053,0.80321,0.73897
2021-07-30 05:00:00,1.18784,1.39389,0.69924,0.80291,0.73796
2021-07-30 06:00:00,1.18858,1.39512,0.69956,0.80341,0.73795
2021-07-30 07:00:00,1.18958,1.3966,0.70086,0.80401,0.7392
2021-07-30 08:00:00,1.19068,1.39769,0.70142,0.80443,0.73984
2021-07-30 09:00:00,1.18971,1.39742,0.70074,0.80386,0.7385
2021-07-30 10:00:00,1.19011,1.39708,0.70046,0.80398,0.73713
2021-07-30 11:00:00,1.18834,1.39564,0.6996,0.80349,0.73666
2021-07-30 12:00:00,1.18792,1.39491,0.69942,0.80399,0.73639
2021-07-30 13:00:00,1.18784,1.39526,0.70007,0.80443,0.73704
2021-07-30 14:00:00,1.18589,1.39068,0.69816,0.80152,0.73512
2021-07-30 15:00:00,1.18642,1.39124,0.69806,0.80218,0.7351
2021-07-30 16:00:00,1.18591,1.38992,0.69738,0.80158,0.73436
2021-07-30 17:00:00,1.18613,1.38968,0.697,0.80125,0.73394
2021-07-30 18:00:00,1.18561,1.38915,0.69636,0.8013,0.73345
2021-07-30 19:00:00,1.18623,1.3898,0.69668,0.80129,0.73378
2021-07-30 20:00:00,1.18677,1.39,0.69711,0.8019,0.73439
2021-07-30 21:00:00,1.18658,1.38965,0.69712,0.80146,0.73388
2021-08-01 22:00:00,1.18683,1.3901,0.69718,0.80192,0.7344
2021-08-01 23:00:00,1.18663,1.3896,0.69738,0.80207,0.73418
2021-08-02 00:00:00,1.1869,1.39008,0.6974,0.80151,0.73476
2021-08-02 01:00:00,1.18634,1.38934,0.69638,0.80101,0.73374
2021-08-02 02:00:00,1.18714,1.38974,0.69686,0.80131,0.7342
2021-08-02 03:00:00,1.18715,1.38986,0.69656,0.80158,0.7342
2021-08-02 04:00:00,1.18706,1.38993,0.69636,0.80142,0.73398
2021-08-02 05:00:00,1.1872,1.39084,0.69672,0.80166,0.73447
2021-08-02 06:00:00,1.18827,1.39156,0.69721,0.802,0.73512
2021-08-02 07:00:00,1.18815,1.39176,0.69768,0.8019,0.73514
2021-08-02 08:00:00,1.18847,1.39212,0.6978,0.80194,0.73551
2021-08-02 09:00:00,1.18955,1.39193,0.69835,0.8027,0.73595
2021-08-02 10:00:00,1.1891,1.39,0.69735,0.80196,0.7359
2021-08-02 11:00:00,1.189,1.39,0.6977,0.80232,0.73639
2021-08-02 12:00:00,1.1873,1.38901,0.69734,0.8019,0.73646
2021-08-02 13:00:00,1.18808,1.39084,0.69875,0.80251,0.73738
2021-08-02 14:00:00,1.18784,1.3898,0.69812,0.80072,0.73736
2021-08-02 15:00:00,1.18728,1.38848,0.69716,0.79987,0.73636
2021-08-02 16:00:00,1.18695,1.38955,0.69736,0.79997,0.73644
2021-08-02 17:00:00,1.18683,1.38887,0.69734,0.79957,0.73645
2021-08-02 18:00:00,1.18736,1.38942,0.69764,0.79948,0.73652
2021-08-02 19:00:00,1.1871,1.38918,0.69686,0.79943,0.73604
2021-08-02 20:00:00,1.18718,1.38872,0.69714,0.79975,0.73641
2021-08-02 21:00:00,1.18706,1.38839,0.69832,0.79963,0.73658
2021-08-02 22:00:00,1.1874,1.38906,0.69775,0.7998,0.73656
2021-08-02 23:00:00,1.18741,1.38912,0.69863,0.79991,0.73605
2021-08-03 00:00:00,1.1872,1.38946,0.69927,0.80032,0.73684
2021-08-03 01:00:00,1.18749,1.38974,0.69948,0.79966,0.73665
2021-08-03 02:00:00,1.18708,1.3892,0.69904,0.79894,0.73656
2021-08-03 03:00:00,1.18746,1.38932,0.69952,0.79899,0.7367
2021-08-03 04:00:00,1.18804,1.38956,0.70112,0.79894,0.74
2021-08-03 05:00:00,1.1875,1.38932,0.70082,0.79841,0.73945
2021-08-03 06:00:00,1.18728,1.38985,0.70106,0.79891,0.73918
2021-08-03 07:00:00,1.18782,1.39134,0.70102,0.79934,0.73971
2021-08-03 08:00:00,1.1884,1.39132,0.70053,0.79901,0.73896
2021-08-03 09:00:00,1.18847,1.39151,0.70058,0.79918,0.73937
2021-08-03 10:00:00,1.18878,1.39356,0.70148,0.79939,0.73964
2021-08-03 11:00:00,1.18926,1.39326,0.7018,0.79976,0.73982
2021-08-03 12:00:00,1.1886,1.3922,0.70076,0.79828,0.73865
2021-08-03 13:00:00,1.18692,1.38869,0.69846,0.79527,0.73624
2021-08-03 14:00:00,1.18589,1.38926,0.70009,0.79537,0.73749
2021-08-03 15:00:00,1.18586,1.39053,0.70066,0.79677,0.73847
2021-08-03 16:00:00,1.18682,1.39174,0.70092,0.79682,0.73918
2021-08-03 17:00:00,1.18637,1.39094,0.70056,0.79688,0.73893
2021-08-03 18:00:00,1.18626,1.39151,0.70154,0.79758,0.73943
2021-08-03 19:00:00,1.1866,1.39188,0.70162,0.79791,0.73962
2021-08-03 20:00:00,1.18648,1.39143,0.70184,0.79781,0.73946
2021-08-03 21:00:00,1.18633,1.39118,0.70192,0.79762,0.73942
2021-08-03 22:00:00,1.18695,1.39164,0.70427,0.79798,0.7401
2021-08-03 23:00:00,1.18695,1.39172,0.7045,0.79784,0.73966
2021-08-04 00:00:00,1.1862,1.39032,0.70408,0.79698,0.73894
2021-08-04 01:00:00,1.18704,1.3924,0.70565,0.79793,0.74048
2021-08-04 02:00:00,1.18736,1.39276,0.70642,0.79836,0.74056
2021-08-04 03:00:00,1.18735,1.39246,0.70548,0.79866,0.74041
2021-08-04 04:00:00,1.18715,1.39268,0.70537,0.79826,0.74029
2021-08-04 05:00:00,1.18718,1.39262,0.70527,0.798,0.73965
2021-08-04 06:00:00,1.18788,1.3942,0.70704,0.79854,0.74082
2021-08-04 07:00:00,1.18766,1.39419,0.70821,0.79862,0.74234
2021-08-04 08:00:00,1.18515,1.39319,0.70668,0.79759,0.74157
2021-08-04 09:00:00,1.1859,1.39366,0.70758,0.79792,0.7419
2021-08-04 10:00:00,1.18564,1.39256,0.70742,0.79747,0.7413
2021-08-04 11:00:00,1.18635,1.3928,0.70699,0.79684,0.74114
2021-08-04 12:00:00,1.1889,1.39393,0.70756,0.79761,0.74174
2021-08-04 13:00:00,1.18928,1.39488,0.70836,0.79792,0.7422
2021-08-04 14:00:00,1.1843,1.39087,0.7042,0.7974,0.73796
2021-08-04 15:00:00,1.18423,1.39122,0.70496,0.79673,0.73796
2021-08-04 16:00:00,1.18377,1.38978,0.70459,0.79692,0.73794
2021-08-04 17:00:00,1.18392,1.39026,0.70516,0.797,0.73836
2021-08-04 18:00:00,1.18389,1.38896,0.70474,0.79674,0.73824
2021-08-04 19:00:00,1.18379,1.38876,0.70438,0.7969,0.73794
2021-08-04 20:00:00,1.18372,1.38898,0.70442,0.79738,0.73803
2021-08-04 21:00:00,1.18354,1.38872,0.7044,0.7971,0.73799
2021-08-04 22:00:00,1.18385,1.38877,0.70446,0.79712,0.73814
2021-08-04 23:00:00,1.18376,1.38897,0.70433,0.79711,0.73824
2021-08-05 00:00:00,1.18322,1.38877,0.70436,0.79742,0.73838
2021-08-05 01:00:00,1.1836,1.38898,0.70465,0.79761,0.7384
2021-08-05 02:00:00,1.18362,1.3885,0.70516,0.7978,0.73894
2021-08-05 03:00:00,1.18341,1.3891,0.70513,0.79813,0.73911
2021-08-05 04:00:00,1.18363,1.3891,0.70479,0.79817,0.73925
2021-08-05 05:00:00,1.18367,1.38955,0.70507,0.79828,0.73956
2021-08-05 06:00:00,1.1838,1.38988,0.70455,0.79796,0.73903
2021-08-05 07:00:00,1.1849,1.39245,0.7068,0.79868,0.74053
2021-08-05 08:00:00,1.18371,1.39154,0.70605,0.79873,0.74036
2021-08-05 09:00:00,1.18322,1.39182,0.70658,0.79924,0.74079
2021-08-05 10:00:00,1.1846,1.39232,0.70625,0.79888,0.74058
2021-08-05 11:00:00,1.18552,1.3925,0.70716,0.79957,0.74134
2021-08-05 12:00:00,1.18359,1.39056,0.70574,0.79909,0.73987
2021-08-05 13:00:00,1.18383,1.39114,0.70586,0.8001,0.74002
2021-08-05 14:00:00,1.18392,1.39328,0.70642,0.80118,0.7413
2021-08-05 15:00:00,1.18373,1.39285,0.70614,0.80084,0.74089
2021-08-05 16:00:00,1.1839,1.39316,0.70596,0.80003,0.74064
2021-08-05 17:00:00,1.18356,1.39356,0.70599,0.80011,0.74061
2021-08-05 18:00:00,1.18356,1.39326,0.706,0.8003,0.74042
2021-08-05 19:00:00,1.18359,1.39314,0.70588,0.80005,0.74048
2021-08-05 20:00:00,1.18325,1.39277,0.70543,0.79989,0.74036
2021-08-05 21:00:00,1.18346,1.39296,0.7057,0.8002,0.74046
2021-08-05 22:00:00,1.18324,1.39294,0.70502,0.80016,0.74042
2021-08-05 23:00:00,1.18333,1.39276,0.70477,0.79988,0.74029
2021-08-06 00:00:00,1.18254,1.39188,0.70455,0.79943,0.73924
2021-08-06 01:00:00,1.1826,1.39186,0.70436,0.79962,0.73878
2021-08-06 02:00:00,1.18214,1.39198,0.70446,0.79953,0.7385
2021-08-06 03:00:00,1.18231,1.39216,0.70487,0.7995,0.73884
2021-08-06 04:00:00,1.18255,1.39212,0.70465,0.79946,0.73839
2021-08-06 05:00:00,1.18248,1.39212,0.70501,0.79974,0.7391
2021-08-06 06:00:00,1.18282,1.39288,0.705,0.80017,0.7394
2021-08-06 07:00:00,1.18241,1.39214,0.70485,0.79977,0.73931
2021-08-06 08:00:00,1.18112,1.3918,0.70518,0.79933,0.73929
2021-08-06 09:00:00,1.181,1.39115,0.70514,0.79911,0.73899
2021-08-06 10:00:00,1.18047,1.39085,0.70505,0.79917,0.73874
2021-08-06 11:00:00,1.1807,1.39174,0.70542,0.79958,0.73935
2021-08-06 12:00:00,1.17844,1.39024,0.7041,0.79835,0.7375
2021-08-06 13:00:00,1.1774,1.38876,0.70288,0.79717,0.73676
2021-08-06 14:00:00,1.17612,1.3868,0.70118,0.79523,0.73548
2021-08-06 15:00:00,1.17602,1.38715,0.70118,0.7959,0.73558
2021-08-06 16:00:00,1.1756,1.3866,0.70087,0.79584,0.73524
2021-08-06 17:00:00,1.17601,1.38747,0.70118,0.79643,0.73545
2021-08-06 18:00:00,1.17572,1.38739,0.7011,0.79627,0.73507
2021-08-06 19:00:00,1.17594,1.38777,0.7011,0.79618,0.73522
2021-08-06 20:00:00,1.17615,1.38726,0.70102,0.79661,0.73546
2021-08-06 21:00:00,1.17599,1.38796,0.70076,0.79668,0.73558
2021-08-08 22:00:00,1.17541,1.38684,0.69982,0.79543,0.73394
2021-08-08 23:00:00,1.17473,1.38666,0.69911,0.79533,0.73348
2021-08-09 00:00:00,1.17508,1.3861,0.69972,0.79501,0.73368
2021-08-09 01:00:00,1.1754,1.38577,0.70086,0.79538,0.73474
2021-08-09 02:00:00,1.17605,1.38662,0.70182,0.79592,0.73548
2021-08-09 03:00:00,1.17592,1.38688,0.70192,0.79601,0.73545
2021-08-09 04:00:00,1.17634,1.38703,0.70204,0.79615,0.7355
2021-08-09 05:00:00,1.17582,1.38675,0.70199,0.79592,0.73575
2021-08-09 06:00:00,1.17592,1.38802,0.70138,0.79572,0.73528
2021-08-09 07:00:00,1.17576,1.38656,0.70109,0.79681,0.73462
2021-08-09 08:00:00,1.17548,1.38575,0.70082,0.79643,0.73428
2021-08-09 09:00:00,1.17614,1.3892,0.70142,0.79743,0.7348
2021-08-09 10:00:00,1.17536,1.38796,0.70101,0.79704,0.73429
2021-08-09 11:00:00,1.17628,1.38753,0.70209,0.79786,0.73556
2021-08-09 12:00:00,1.17608,1.38834,0.70198,0.79712,0.73518
2021-08-09 13:00:00,1.17615,1.3869,0.70237,0.79687,0.73598
2021-08-09 14:00:00,1.17446,1.38479,0.69992,0.79468,0.73341
2021-08-09 15:00:00,1.17482,1.38508,0.70004,0.7954,0.73396
2021-08-09 16:00:00,1.17422,1.38474,0.70002,0.79522,0.73352
2021-08-09 17:00:00,1.17435,1.3851,0.69982,0.79523,0.73346
2021-08-09 18:00:00,1.17403,1.38532,0.6997,0.79529,0.73349
2021-08-09 19:00:00,1.17351,1.38464,0.6991,0.79492,0.73292
2021-08-09 20:00:00,1.17361,1.3847,0.69912,0.79498,0.7329
2021-08-09 21:00:00,1.17386,1.38526,0.69898,0.7951,0.73308
2021-08-09 22:00:00,1.17374,1.38476,0.69942,0.79521,0.73306
2021-08-09 23:00:00,1.17362,1.3847,0.69916,0.79518,0.73298
2021-08-10 00:00:00,1.17376,1.38509,0.69939,0.79531,0.73331
2021-08-10 01:00:00,1.17328,1.38395,0.69721,0.79446,0.73176
2021-08-10 02:00:00,1.1738,1.38426,0.69748,0.79488,0.73251
2021-08-10 03:00:00,1.1739,1.38484,0.6977,0.795,0.73234
2021-08-10 04:00:00,1.17383,1.38448,0.69711,0.79508,0.73228
2021-08-10 05:00:00,1.17374,1.38468,0.69778,0.79544,0.73295
2021-08-10 06:00:00,1.17388,1.38507,0.69795,0.79573,0.73349
2021-08-10 07:00:00,1.17316,1.38528,0.69828,0.7957,0.73356
2021-08-10 08:00:00,1.1732,1.38646,0.69876,0.79551,0.7337
2021-08-10 09:00:00,1.17238,1.38607,0.69852,0.79528,0.73319
2021-08-10 10:00:00,1.17264,1.38606,0.69938,0.79543,0.73404
2021-08-10 11:00:00,1.17224,1.38614,0.69996,0.79589,0.73476
2021-08-10 12:00:00,1.1716,1.38526,0.69918,0.79527,0.73395
2021-08-10 13:00:00,1.17164,1.38439,0.69918,0.79618,0.73385
2021-08-10 14:00:00,1.17198,1.38484,0.70048,0.79843,0.73469
2021-08-10 15:00:00,1.17204,1.38382,0.70038,0.79795,0.73455
2021-08-10 16:00:00,1.17158,1.38328,0.70026,0.79811,0.73466
2021-08-10 17:00:00,1.17185,1.38384,0.70045,0.79816,0.73476
2021-08-10 18:00:00,1.17225,1.38403,0.70084,0.79834,0.73497
2021-08-10 19:00:00,1.17185,1.3835,0.70066,0.79837,0.73493
2021-08-10 20:00:00,1.17208,1.38406,0.70102,0.79879,0.73484
2021-08-10 21:00:00,1.17212,1.38414,0.70078,0.79851,0.73468
2021-08-10 22:00:00,1.17216,1.38377,0.70122,0.79872,0.73486
2021-08-10 23:00:00,1.17195,1.3835,0.70055,0.79874,0.73437
2021-08-11 00:00:00,1.1713,1.38239,0.70012,0.79819,0.73408
2021-08-11 01:00:00,1.17212,1.38286,0.70062,0.79862,0.73435
2021-08-11 02:00:00,1.17251,1.38326,0.70106,0.79858,0.73465
2021-08-11 03:00:00,1.17186,1.38288,0.70037,0.79808,0.734
2021-08-11 04:00:00,1.17181,1.38288,0.70048,0.79819,0.73394
2021-08-11 05:00:00,1.17176,1.38276,0.70035,0.79825,0.73388
2021-08-11 06:00:00,1.17094,1.38256,0.69996,0.79789,0.73338
2021-08-11 07:00:00,1.17126,1.3817,0.69977,0.79773,0.73296
2021-08-11 08:00:00,1.17128,1.38096,0.69983,0.79783,0.73269
2021-08-11 09:00:00,1.17105,1.38147,0.7002,0.79769,0.73284
2021-08-11 10:00:00,1.17145,1.38175,0.70067,0.79752,0.73335
2021-08-11 11:00:00,1.17156,1.38297,0.70092,0.79828,0.73384
2021-08-11 12:00:00,1.17368,1.38602,0.70486,0.79972,0.73755
2021-08-11 13:00:00,1.17341,1.38554,0.7044,0.79907,0.7374
2021-08-11 14:00:00,1.17393,1.38672,0.70517,0.79976,0.73754
2021-08-11 15:00:00,1.17368,1.38651,0.7046,0.79906,0.73732
2021-08-11 16:00:00,1.17483,1.38792,0.70548,0.80045,0.73821
2021-08-11 17:00:00,1.17475,1.3877,0.70512,0.80038,0.73801
2021-08-11 18:00:00,1.17382,1.38648,0.70422,0.79942,0.7372
2021-08-11 19:00:00,1.17423,1.38712,0.70458,0.79987,0.73771
2021-08-11 20:00:00,1.17394,1.38648,0.704,0.7998,0.73738
2021-08-11 21:00:00,1.17411,1.3872,0.70412,0.79962,0.7376
2021-08-11 22:00:00,1.17418,1.38695,0.70428,0.79965,0.73755
2021-08-11 23:00:00,1.17418,1.38666,0.70409,0.79949,0.73706
2021-08-12 00:00:00,1.17403,1.38712,0.70391,0.79926,0.73694
2021-08-12 01:00:00,1.17401,1.38706,0.7034,0.79921,0.73654
2021-08-12 02:00:00,1.1739,1.38696,0.70399,0.79951,0.73653
2021-08-12 03:00:00,1.17447,1.38746,0.70404,0.79988,0.73706
2021-08-12 04:00:00,1.17398,1.38686,0.70308,0.79964,0.73642
2021-08-12 05:00:00,1.17416,1.38706,0.70337,0.79945,0.73637
2021-08-12 06:00:00,1.17356,1.38589,0.70206,0.79879,0.7356
2021-08-12 07:00:00,1.1742,1.38781,0.70356,0.79919,0.73685
2021-08-12 08:00:00,1.17469,1.38628,0.70373,0.79936,0.73673
2021-08-12 09:00:00,1.17416,1.38645,0.70334,0.79932,0.736
2021-08-12 10:00:00,1.17358,1.3851,0.70262,0.79878,0.73574
2021-08-12 11:00:00,1.17382,1.38474,0.70258,0.79915,0.7355
2021-08-12 12:00:00,1.17399,1.38469,0.70172,0.79931,0.73534
2021-08-12 13:00:00,1.17293,1.38382,0.70048,0.7998,0.73419
2021-08-12 14:00:00,1.17298,1.38342,0.70008,0.79877,0.73422
2021-08-12 15:00:00,1.1735,1.38322,0.70064,0.7987,0.73444
2021-08-12 16:00:00,1.1738,1.38167,0.70072,0.79866,0.73419
2021-08-12 17:00:00,1.1738,1.38146,0.70062,0.79847,0.73418
2021-08-12 18:00:00,1.17301,1.38004,0.6997,0.79802,0.73323
2021-08-12 19:00:00,1.17354,1.3806,0.70003,0.79899,0.73376
2021-08-12 20:00:00,1.17298,1.38074,0.7002,0.79854,0.73366
2021-08-12 21:00:00,1.17316,1.38122,0.70055,0.79846,0.73385
2021-08-12 22:00:00,1.17365,1.38118,0.70049,0.79861,0.73406
2021-08-12 23:00:00,1.17361,1.38114,0.70046,0.79869,0.7341
2021-08-13 00:00:00,1.17361,1.38102,0.70003,0.79852,0.7338
2021-08-13 01:00:00,1.17394,1.381,0.70064,0.79866,0.73399
2021-08-13 02:00:00,1.17408,1.3813,0.70065,0.79868,0.7343
2021-08-13 03:00:00,1.17397,1.3814,0.70079,0.79878,0.73436
2021-08-13 04:00:00,1.1739,1.38142,0.70051,0.79888,0.73395
2021-08-13 05:00:00,1.1737,1.38101,0.70014,0.79861,0.73365
2021-08-13 06:00:00,1.1733,1.3804,0.69988,0.79836,0.7335
2021-08-13 07:00:00,1.17345,1.38082,0.70078,0.79897,0.73416
2021-08-13 08:00:00,1.17424,1.38001,0.70072,0.79892,0.73412
2021-08-13 09:00:00,1.17493,1.38037,0.70063,0.79891,0.73428
2021-08-13 10:00:00,1.17488,1.38,0.7006,0.79847,0.73442
2021-08-13 11:00:00,1.17596,1.38185,0.70082,0.79896,0.73468
2021-08-13 12:00:00,1.1766,1.38302,0.70176,0.79866,0.73538
2021-08-13 13:00:00,1.17658,1.3839,0.70151,0.7984,0.73498
2021-08-13 14:00:00,1.17917,1.38531,0.70395,0.7995,0.73748
2021-08-13 15:00:00,1.17956,1.38564,0.70436,0.7992,0.73766
2021-08-13 16:00:00,1.18002,1.38669,0.70424,0.79919,0.7374
2021-08-13 17:00:00,1.1799,1.38747,0.70426,0.79942,0.73733
2021-08-13 18:00:00,1.17957,1.38688,0.70448,0.79886,0.73739
2021-08-13 19:00:00,1.17982,1.387,0.70436,0.79909,0.73757
2021-08-13 20:00:00,1.17954,1.38686,0.70396,0.79894,0.73724
2021-08-13 21:00:00,1.17945,1.38649,0.70424,0.79888,0.73676
2021-08-15 22:00:00,1.17933,1.38666,0.70418,0.79909,0.73691
2021-08-15 23:00:00,1.17944,1.3864,0.70388,0.79879,0.73654
2021-08-16 00:00:00,1.17957,1.38582,0.70342,0.79792,0.73552
2021-08-16 01:00:00,1.17966,1.38635,0.70358,0.79805,0.73569
2021-08-16 02:00:00,1.17962,1.38642,0.7032,0.7981,0.73494
2021-08-16 03:00:00,1.17902,1.38534,0.70244,0.79736,0.73391
2021-08-16 04:00:00,1.17938,1.38564,0.70286,0.79787,0.73435
2021-08-16 05:00:00,1.17866,1.38465,0.7025,0.79744,0.73352
2021-08-16 06:00:00,1.17856,1.3845,0.70215,0.79713,0.73346
2021-08-16 07:00:00,1.1781,1.3855,0.70252,0.79688,0.73346
2021-08-16 08:00:00,1.1787,1.38607,0.70336,0.79736,0.73406
2021-08-16 09:00:00,1.1782,1.38568,0.70304,0.79694,0.73368
2021-08-16 10:00:00,1.17814,1.38608,0.70316,0.79683,0.73394
2021-08-16 11:00:00,1.1768,1.38655,0.70282,0.79648,0.73308
2021-08-16 12:00:00,1.17773,1.38651,0.70257,0.79623,0.73265
2021-08-16 13:00:00,1.17749,1.38322,0.70173,0.79543,0.73234
2021-08-16 14:00:00,1.17877,1.38587,0.70255,0.79501,0.73361
2021-08-16 15:00:00,1.17751,1.38476,0.70236,0.79558,0.73384
2021-08-16 16:00:00,1.17753,1.38458,0.70134,0.79525,0.73344
2021-08-16 17:00:00,1.17772,1.38441,0.70172,0.79547,0.73379
2021-08-16 18:00:00,1.17752,1.38373,0.70164,0.79546,0.73361
2021-08-16 19:00:00,1.17782,1.38392,0.70232,0.79561,0.7339
2021-08-16 20:00:00,1.17765,1.38429,0.70198,0.79525,0.73364
2021-08-16 21:00:00,1.17775,1.38414,0.7023,0.7953,0.7337
2021-08-16 22:00:00,1.1779,1.3842,0.70252,0.79548,0.73396
2021-08-16 23:00:00,1.17778,1.3841,0.70277,0.79544,0.7339
2021-08-17 00:00:00,1.1774,1.38356,0.7024,0.79484,0.7326
2021-08-17 01:00:00,1.17738,1.3829,0.70145,0.79434,0.73116
2021-08-17 02:00:00,1.17724,1.3824,0.69734,0.79399,0.73104
2021-08-17 03:00:00,1.17684,1.38154,0.69586,0.7938,0.73082
2021-08-17 04:00:00,1.17687,1.38192,0.6945,0.79458,0.73094
2021-08-17 05:00:00,1.17703,1.38242,0.695,0.79425,0.73106
2021-08-17 06:00:00,1.17615,1.38,0.69145,0.79251,0.72837
2021-08-17 07:00:00,1.17722,1.37999,0.69226,0.79222,0.72888
2021-08-17 08:00:00,1.17774,1.38097,0.69296,0.79286,0.72964
2021-08-17 09:00:00,1.17716,1.38011,0.69272,0.79277,0.72911
2021-08-17 10:00:00,1.17667,1.37932,0.69266,0.79303,0.72904
2021-08-17 11:00:00,1.17626,1.3789,0.69289,0.79293,0.72898
2021-08-17 12:00:00,1.17439,1.37736,0.69157,0.79272,0.72804
2021-08-17 13:00:00,1.17379,1.37564,0.69172,0.79284,0.72682
2021-08-17 14:00:00,1.17172,1.37384,0.6918,0.79189,0.72593
2021-08-17 15:00:00,1.17132,1.37382,0.6911,0.79221,0.72534
2021-08-17 16:00:00,1.17086,1.37269,0.69006,0.79062,0.72434
2021-08-17 17:00:00,1.17181,1.37364,0.69099,0.79148,0.72522
2021-08-17 18:00:00,1.17111,1.37363,0.69042,0.79213,0.72517
2021-08-17 19:00:00,1.17118,1.37385,0.69152,0.79222,0.72554
2021-08-17 20:00:00,1.17085,1.37413,0.69192,0.79175,0.7256
2021-08-17 21:00:00,1.17114,1.37385,0.69211,0.79215,0.72554
2021-08-17 22:00:00,1.17056,1.37392,0.69244,0.79194,0.72563
2021-08-17 23:00:00,1.17094,1.37402,0.6927,0.79196,0.72552
2021-08-18 00:00:00,1.17121,1.37414,0.6918,0.7914,0.72524
2021-08-18 01:00:00,1.17164,1.37518,0.6944,0.79203,0.72576
2021-08-18 02:00:00,1.17197,1.3754,0.69217,0.79262,0.72626
2021-08-18 03:00:00,1.17165,1.37531,0.69346,0.79278,0.72634
2021-08-18 04:00:00,1.17183,1.37429,0.69353,0.79293,0.72658
2021-08-18 05:00:00,1.17156,1.37491,0.69224,0.79276,0.72592
2021-08-18 06:00:00,1.1717,1.3744,0.69253,0.7931,0.72623
2021-08-18 07:00:00,1.1724,1.37418,0.69178,0.79242,0.72576
2021-08-18 08:00:00,1.17204,1.37574,0.6915,0.79243,0.72584
2021-08-18 09:00:00,1.17158,1.3748,0.68928,0.7921,0.72508
2021-08-18 10:00:00,1.17124,1.37529,0.68909,0.79208,0.72461
2021-08-18 11:00:00,1.17221,1.3769,0.69071,0.79279,0.72528
2021-08-18 12:00:00,1.17176,1.37668,0.68935,0.79304,0.7249
2021-08-18 13:00:00,1.17185,1.3771,0.68968,0.79286,0.7252
2021-08-18 14:00:00,1.17115,1.37574,0.68848,0.79192,0.72372
2021-08-18 15:00:00,1.17014,1.37472,0.6889,0.79121,0.72346
2021-08-18 16:00:00,1.16992,1.3749,0.68873,0.79097,0.72352
2021-08-18 17:00:00,1.17003,1.3749,0.68868,0.79107,0.72334
2021-08-18 18:00:00,1.17122,1.37616,0.68983,0.79158,0.72438
2021-08-18 19:00:00,1.17128,1.37576,0.68847,0.79041,0.72384
2021-08-18 20:00:00,1.17081,1.37514,0.68798,0.78974,0.72346
2021-08-18 21:00:00,1.171,1.37536,0.68828,0.79021,0.72368
2021-08-18 22:00:00,1.17135,1.37564,0.68838,0.79054,0.72392
2021-08-18 23:00:00,1.17028,1.37432,0.68736,0.78967,0.72308
2021-08-19 00:00:00,1.16874,1.3734,0.68492,0.78896,0.72154
2021-08-19 01:00:00,1.1684,1.3727,0.68511,0.78825,0.72134
2021-08-19 02:00:00,1.16765,1.37198,0.68542,0.78791,0.72057
2021-08-19 03:00:00,1.16755,1.37208,0.6853,0.78787,0.72045
2021-08-19 04:00:00,1.16772,1.37218,0.68502,0.78758,0.7195
2021-08-19 05:00:00,1.16725,1.37126,0.68415,0.78668,0.71892
2021-08-19 06:00:00,1.16786,1.37096,0.68404,0.7862,0.71834
2021-08-19 07:00:00,1.16828,1.36975,0.6837,0.78522,0.71714
2021-08-19 08:00:00,1.16869,1.36764,0.68208,0.78434,0.71567
2021-08-19 09:00:00,1.16959,1.36926,0.6829,0.78454,0.71645
2021-08-19 10:00:00,1.1693,1.36869,0.68379,0.78443,0.71632
2021-08-19 11:00:00,1.16994,1.36814,0.68392,0.78425,0.71682
2021-08-19 12:00:00,1.16988,1.36812,0.68357,0.78398,0.71702
2021-08-19 13:00:00,1.17,1.36912,0.68463,0.78384,0.71782
2021-08-19 14:00:00,1.16828,1.3661,0.68379,0.78047,0.71568
2021-08-19 15:00:00,1.16928,1.36711,0.68508,0.78166,0.71692
2021-08-19 16:00:00,1.16885,1.36535,0.68406,0.78112,0.7163
2021-08-19 17:00:00,1.16776,1.36469,0.68275,0.78024,0.71494
2021-08-19 18:00:00,1.16759,1.36385,0.68303,0.77993,0.71503
2021-08-19 19:00:00,1.16766,1.3634,0.6827,0.77974,0.71472
2021-08-19 20:00:00,1.16764,1.36342,0.68268,0.7795,0.7146
2021-08-19 21:00:00,1.16777,1.36368,0.68308,0.77971,0.7149
2021-08-19 22:00:00,1.16779,1.36346,0.68269,0.77957,0.71484
2021-08-19 23:00:00,1.16765,1.36303,0.68194,0.77935,0.71462
2021-08-20 00:00:00,1.16823,1.36406,0.68337,0.78033,0.71537
2021-08-20 01:00:00,1.168,1.36246,0.68143,0.77749,0.71312
2021-08-20 02:00:00,1.16795,1.36226,0.68232,0.77765,0.71332
2021-08-20 03:00:00,1.16856,1.363,0.68376,0.77807,0.71444
2021-08-20 04:00:00,1.16861,1.36336,0.6834,0.77755,0.71386
2021-08-20 05:00:00,1.1687,1.36338,0.68334,0.77722,0.7133
2021-08-20 06:00:00,1.16831,1.36188,0.68212,0.77603,0.71209
2021-08-20 07:00:00,1.16795,1.3618,0.6817,0.77455,0.71136
2021-08-20 08:00:00,1.16741,1.36222,0.68216,0.77454,0.71194
2021-08-20 09:00:00,1.16755,1.36182,0.6816,0.77352,0.71178
2021-08-20 10:00:00,1.16804,1.36202,0.68189,0.77462,0.71258
2021-08-20 11:00:00,1.16682,1.3612,0.68226,0.77477,0.71283
2021-08-20 12:00:00,1.16684,1.36054,0.68185,0.77503,0.71253
2021-08-20 13:00:00,1.16795,1.36296,0.68392,0.77784,0.71464
2021-08-20 14:00:00,1.16787,1.36137,0.68244,0.77707,0.71264
2021-08-20 15:00:00,1.16905,1.3626,0.68302,0.77803,0.71331
2021-08-20 16:00:00,1.17033,1.3628,0.68366,0.77871,0.71414
2021-08-20 17:00:00,1.16946,1.36215,0.68274,0.77846,0.7134
2021-08-20 18:00:00,1.16964,1.36224,0.68374,0.77844,0.71366
2021-08-20 19:00:00,1.17022,1.36255,0.68384,0.77967,0.7143
2021-08-20 20:00:00,1.16989,1.36242,0.68367,0.77989,0.71413
